,stars,title,price,availability
0,star-rating Three,A Light in the Attic,£51.77,In stock
1,star-rating One,Tipping the Velvet,£53.74,In stock
2,star-rating One,Soumission,£50.10,In stock
3,star-rating Four,Sharp Objects,£47.82,In stock
4,star-rating Five,Sapiens: A Brief History of Humankind,£54.23,In stock
5,star-rating One,The Requiem Red,£22.65,In stock
6,star-rating Four,The Dirty Little Secrets of Getting Your Dream Job,£33.34,In stock
7,star-rating Three,"The Coming Woman: A Novel Based on the Life of the Infamous Feminist, Victoria Woodhull",£17.93,In stock
8,star-rating Four,The Boys in the Boat: Nine Americans and Their Epic Quest for Gold at the 1936 Berlin Olympics,£22.60,In stock
9,star-rating One,The Black Maria,£52.15,In stock
10,star-rating Two,"Starving Hearts (Triangular Trade Trilogy, #1)",£13.99,In stock
11,star-rating Four,Shakespeare's Sonnets,£20.66,In stock
12,star-rating Five,Set Me Free,£17.46,In stock
13,star-rating Five,Scott Pilgrim's Precious Little Life (Scott Pilgrim #1),£52.29,In stock
14,star-rating Five,Rip it Up and Start Again,£35.02,In stock
15,star-rating Three,"Our Band Could Be Your Life: Scenes from the American Indie Underground, 1981-1991",£57.25,In stock
16,star-rating One,Olio,£23.88,In stock
17,star-rating One,Mesaerion: The Best Science Fiction Stories 1800-1849,£37.59,In stock
18,star-rating Two,Libertarianism for Beginners,£51.33,In stock
19,star-rating Two,It's Only the Himalayas,£45.17,In stock
20,star-rating One,In Her Wake,£12.84,In stock
21,star-rating Two,How Music Works,£37.32,In stock
22,star-rating Three,"Foolproof Preserving: A Guide to Small Batch Jams, Jellies, Pickles, Condiments, and More: A Foolproof Guide to Making Small Batch Jams, Jellies, Pickles, Condiments, and More",£30.52,In stock
23,star-rating Five,Chase Me (Paris Nights #2),£25.27,In stock
24,star-rating Five,Black Dust,£34.53,In stock
25,star-rating Three,Birdsong: A Story in Pictures,£54.64,In stock
26,star-rating Three,America's Cradle of Quarterbacks: Western Pennsylvania's Football Factory from Johnny Unitas to Joe Montana,£22.50,In stock
27,star-rating Three,Aladdin and His Wonderful Lamp,£53.13,In stock
28,star-rating Five,Worlds Elsewhere: Journeys Around Shakespeare’s Globe,£40.30,In stock
29,star-rating Four,Wall and Piece,£44.18,In stock
30,star-rating Five,The Four Agreements: A Practical Guide to Personal Freedom,£17.66,In stock
31,star-rating Three,The Five Love Languages: How to Express Heartfelt Commitment to Your Mate,£31.05,In stock
32,star-rating Five,The Elephant Tree,£23.82,In stock
33,star-rating One,The Bear and the Piano,£36.89,In stock
34,star-rating Five,Sophie's World,£15.94,In stock
35,star-rating Three,Penny Maybe,£33.29,In stock
36,star-rating Two,Maude (1883-1993):She Grew Up with the country,£18.02,In stock
37,star-rating One,"In a Dark, Dark Wood",£19.63,In stock
38,star-rating Four,Behind Closed Doors,£52.22,In stock
39,star-rating Two,You can't bury them all: Poems,£33.63,In stock
40,star-rating Three,Slow States of Collapse: Poems,£57.31,In stock
41,star-rating Two,Reasons to Stay Alive,£26.41,In stock
42,star-rating Five,Private Paris (Private #10),£47.61,In stock
43,star-rating Five,#HigherSelfie: Wake Up Your Life. Free Your Soul. Find Your Tribe.,£23.11,In stock
44,star-rating Two,Without Borders (Wanderlove #1),£45.07,In stock
45,star-rating One,When We Collided,£31.77,In stock
46,star-rating Five,"We Love You, Charlie Freeman",£50.27,In stock
47,star-rating Four,Untitled Collection: Sabbath Poems 2014,£14.27,In stock
48,star-rating Four,"Unseen City: The Majesty of Pigeons, the Discreet Charm of Snails & Other Wonders of the Urban Wilderness",£44.18,In stock
49,star-rating Three,Unicorn Tracks,£18.78,In stock
50,star-rating One,"Unbound: How Eight Technologies Made Us Human, Transformed Society, and Brought Our World to the Brink",£25.52,In stock
51,star-rating One,Tsubasa: WoRLD CHRoNiCLE 2 (Tsubasa WoRLD CHRoNiCLE #2),£16.28,In stock
52,star-rating Three,Throwing Rocks at the Google Bus: How Growth Became the Enemy of Prosperity,£31.12,In stock
53,star-rating Four,This One Summer,£19.49,In stock
54,star-rating Five,Thirst,£17.27,In stock
55,star-rating One,The Torch Is Passed: A Harding Family Story,£19.09,In stock
56,star-rating One,The Secret of Dreadwillow Carse,£56.13,In stock
57,star-rating One,"The Pioneer Woman Cooks: Dinnertime: Comfort Classics, Freezer Food, 16-Minute Meals, and Other Delicious Ways to Solve Supper!",£56.41,In stock
58,star-rating Four,The Past Never Ends,£56.50,In stock
59,star-rating Three,The Natural History of Us (The Fine Art of Pretending #2),£45.22,In stock
60,star-rating Four,The Nameless City (The Nameless City #1),£38.16,In stock
61,star-rating Three,The Murder That Never Was (Forensic Instincts #5),£54.11,In stock
62,star-rating Four,The Most Perfect Thing: Inside (and Outside) a Bird's Egg,£42.96,In stock
63,star-rating Four,"The Mindfulness and Acceptance Workbook for Anxiety: A Guide to Breaking Free from Anxiety, Phobias, and Worry Using Acceptance and Commitment Therapy",£23.89,In stock
64,star-rating Three,The Life-Changing Magic of Tidying Up: The Japanese Art of Decluttering and Organizing,£16.77,In stock
65,star-rating Five,"The Inefficiency Assassin: Time Management Tactics for Working Smarter, Not Longer",£20.59,In stock
66,star-rating One,The Gutsy Girl: Escapades for Your Life of Epic Adventure,£37.13,In stock
67,star-rating One,The Electric Pencil: Drawings from Inside State Hospital No. 3,£56.06,In stock
68,star-rating Four,The Death of Humanity: and the Case for Life,£58.11,In stock
69,star-rating Three,"The Bulletproof Diet: Lose up to a Pound a Day, Reclaim Energy and Focus, Upgrade Your Life",£49.05,In stock
70,star-rating Three,The Art Forger,£40.76,In stock
71,star-rating One,The Age of Genius: The Seventeenth Century and the Birth of the Modern Mind,£19.73,In stock
72,star-rating Five,The Activist's Tao Te Ching: Ancient Advice for a Modern Revolution,£32.24,In stock
73,star-rating Four,Spark Joy: An Illustrated Master Class on the Art of Organizing and Tidying Up,£41.83,In stock
74,star-rating Two,Soul Reader,£39.58,In stock
75,star-rating Two,Security,£39.25,In stock
76,star-rating Three,"Saga, Volume 6 (Saga (Collected Editions) #6)",£25.02,In stock
77,star-rating Two,"Saga, Volume 5 (Saga (Collected Editions) #5)",£51.04,In stock
78,star-rating Two,Reskilling America: Learning to Labor in the Twenty-First Century,£19.83,In stock
79,star-rating Three,"Rat Queens, Vol. 3: Demons (Rat Queens (Collected Editions) #11-15)",£50.40,In stock
80,star-rating Five,"Princess Jellyfish 2-in-1 Omnibus, Vol. 01 (Princess Jellyfish 2-in-1 Omnibus #1)",£13.61,In stock
81,star-rating Five,Princess Between Worlds (Wide-Awake Princess #5),£13.34,In stock
82,star-rating One,"Pop Gun War, Volume 1: Gift",£18.97,In stock
83,star-rating Two,"Political Suicide: Missteps, Peccadilloes, Bad Calls, Backroom Hijinx, Sordid Pasts, Rotten Breaks, and Just Plain Dumb Mistakes in the Annals of American Politics",£36.28,In stock
84,star-rating Three,Patience,£10.16,In stock
85,star-rating Four,"Outcast, Vol. 1: A Darkness Surrounds Him (Outcast #1)",£15.44,In stock
86,star-rating One,orange: The Complete Collection 1 (orange: The Complete Collection #1),£48.41,In stock
87,star-rating One,Online Marketing for Busy Authors: A Step-By-Step Guide,£46.35,In stock
88,star-rating Three,On a Midnight Clear,£14.07,In stock
89,star-rating Two,Obsidian (Lux #1),£14.86,In stock
90,star-rating Two,My Paris Kitchen: Recipes and Stories,£33.37,In stock
91,star-rating Two,Masks and Shadows,£56.40,In stock
92,star-rating Four,"Mama Tried: Traditional Italian Cooking for the Screwed, Crude, Vegan, and Tattooed",£14.02,In stock
93,star-rating Two,"Lumberjanes, Vol. 2: Friendship to the Max (Lumberjanes #5-8)",£46.91,In stock
94,star-rating Three,"Lumberjanes, Vol. 1: Beware the Kitten Holy (Lumberjanes #1-4)",£45.61,In stock
95,star-rating Two,Lumberjanes Vol. 3: A Terrible Plan (Lumberjanes #9-12),£19.92,In stock
96,star-rating One,"Layered: Baking, Building, and Styling Spectacular Cakes",£40.11,In stock
97,star-rating Two,Judo: Seven Steps to Black Belt (an Introductory Guide for Beginners),£53.90,In stock
98,star-rating Five,Join,£35.67,In stock
99,star-rating Four,In the Country We Love: My Family Divided,£22.00,In stock
100,star-rating Five,Immunity: How Elie Metchnikoff Changed the Course of Modern Medicine,£57.36,In stock
101,star-rating Two,"I Hate Fairyland, Vol. 1: Madly Ever After (I Hate Fairyland (Compilations) #1-5)",£29.17,In stock
102,star-rating Three,I am a Hero Omnibus Volume 1,£54.63,In stock
103,star-rating One,How to Be Miserable: 40 Strategies You Already Use,£46.03,In stock
104,star-rating One,Her Backup Boyfriend (The Sorensen Family #1),£33.97,In stock
105,star-rating Two,"Giant Days, Vol. 2 (Giant Days #5-8)",£22.11,In stock
106,star-rating Three,Forever and Forever: The Courtship of Henry Longfellow and Fanny Appleton,£29.69,In stock
107,star-rating Four,First and First (Five Boroughs #3),£15.97,In stock
108,star-rating One,Fifty Shades Darker (Fifty Shades #2),£21.96,In stock
109,star-rating Two,Everydata: The Misinformation Hidden in the Little Data You Consume Every Day,£54.35,In stock
110,star-rating Two,"Don't Be a Jerk: And Other Practical Advice from Dogen, Japan's Greatest Zen Master",£37.97,In stock
111,star-rating Four,Danganronpa Volume 1,£51.99,In stock
112,star-rating Three,Crown of Midnight (Throne of Glass #2),£43.29,In stock
113,star-rating Four,"Codename Baboushka, Volume 1: The Conclave of Death",£36.72,In stock
114,star-rating Four,Camp Midnight,£17.08,In stock
115,star-rating Five,Call the Nurse: True Stories of a Country Nurse on a Scottish Isle,£29.14,In stock
116,star-rating Three,Burning,£28.81,In stock
117,star-rating Two,Bossypants,£49.46,In stock
118,star-rating Two,"Bitch Planet, Vol. 1: Extraordinary Machine (Bitch Planet (Collected Editions))",£37.92,In stock
119,star-rating Two,"Avatar: The Last Airbender: Smoke and Shadow, Part 3 (Smoke and Shadow #3)",£28.09,In stock
120,star-rating One,Algorithms to Live By: The Computer Science of Human Decisions,£30.81,In stock
121,star-rating One,A World of Flavor: Your Gluten Free Passport,£42.95,In stock
122,star-rating Five,"A Piece of Sky, a Grain of Rice: A Memoir in Four Meditations",£56.76,In stock
123,star-rating One,A Murder in Time,£16.64,In stock
124,star-rating Five,A Flight of Arrows (The Pathfinders #2),£55.53,In stock
125,star-rating Four,A Fierce and Subtle Poison,£28.13,In stock
126,star-rating One,A Court of Thorns and Roses (A Court of Thorns and Roses #1),£52.37,In stock
127,star-rating Five,(Un)Qualified: How God Uses Broken People to Do Big Things,£54.00,In stock
128,star-rating Four,You Are What You Love: The Spiritual Power of Habit,£21.87,In stock
129,star-rating Four,"William Shakespeare's Star Wars: Verily, A New Hope (William Shakespeare's Star Wars #4)",£43.30,In stock
130,star-rating Two,Tuesday Nights in 1980,£21.04,In stock
131,star-rating Three,Tracing Numbers on a Train,£41.60,In stock
132,star-rating Three,Throne of Glass (Throne of Glass #1),£35.07,In stock
133,star-rating One,Thomas Jefferson and the Tripoli Pirates: The Forgotten War That Changed American History,£59.64,In stock
134,star-rating One,Thirteen Reasons Why,£52.72,In stock
135,star-rating Four,The White Cat and the Monk: A Retelling of the Poem “Pangur Bán”,£58.08,In stock
136,star-rating One,The Wedding Dress,£24.12,In stock
137,star-rating Four,The Vacationers,£42.15,In stock
138,star-rating Five,The Third Wave: An Entrepreneur’s Vision of the Future,£12.61,In stock
139,star-rating Four,The Stranger,£17.44,In stock
140,star-rating One,The Shadow Hero (The Shadow Hero),£33.14,In stock
141,star-rating Four,The Secret (The Secret #1),£27.37,In stock
142,star-rating Five,The Regional Office Is Under Attack!,£51.36,In stock
143,star-rating Two,The Psychopath Test: A Journey Through the Madness Industry,£36.00,In stock
144,star-rating One,The Project,£10.65,In stock
145,star-rating Two,The Power of Now: A Guide to Spiritual Enlightenment,£43.54,In stock
146,star-rating Two,The Omnivore's Dilemma: A Natural History of Four Meals,£38.21,In stock
147,star-rating Five,The Nerdy Nummies Cookbook: Sweet Treats for the Geek in All of Us,£37.34,In stock
148,star-rating Four,The Murder of Roger Ackroyd (Hercule Poirot #4),£44.10,In stock
149,star-rating Three,The Mistake (Off-Campus #2),£43.29,In stock
150,star-rating One,The Matchmaker's Playbook (Wingmen Inc. #1),£55.85,In stock
151,star-rating Two,The Love and Lemons Cookbook: An Apple-to-Zucchini Celebration of Impromptu Cooking,£37.60,In stock
152,star-rating One,The Long Shadow of Small Ghosts: Murder and Memory in an American City,£10.97,In stock
153,star-rating Four,The Kite Runner,£41.82,In stock
154,star-rating One,The House by the Lake,£36.95,In stock
155,star-rating One,The Glittering Court (The Glittering Court #1),£44.28,In stock
156,star-rating Two,The Girl on the Train,£55.02,In stock
157,star-rating One,The Genius of Birds,£17.24,In stock
158,star-rating Two,The Emerald Mystery,£23.15,In stock
159,star-rating One,The Cookies & Cups Cookbook: 125+ sweet & savory recipes reminding you to Always Eat Dessert First,£41.25,In stock
160,star-rating Three,The Bridge to Consciousness: I'm Writing the Bridge Between Science and Our Old and New Beliefs.,£32.00,In stock
161,star-rating Five,The Artist's Way: A Spiritual Path to Higher Creativity,£38.49,In stock
162,star-rating Five,The Art of War,£33.34,In stock
163,star-rating Two,The Argonauts,£10.93,In stock
164,star-rating Three,The 10% Entrepreneur: Live Your Startup Dream Without Quitting Your Day Job,£27.55,In stock
165,star-rating Two,Suddenly in Love (Lake Haven #1),£55.99,In stock
166,star-rating Four,Something More Than This,£16.24,In stock
167,star-rating Two,Soft Apocalypse,£26.12,In stock
168,star-rating Two,So You've Been Publicly Shamed,£12.23,In stock
169,star-rating Two,Shoe Dog: A Memoir by the Creator of NIKE,£23.99,In stock
170,star-rating Three,"Shobu Samurai, Project Aryoku (#3)",£29.06,In stock
171,star-rating One,Secrets and Lace (Fatal Hearts #1),£20.27,In stock
172,star-rating Five,Scarlett Epstein Hates It Here,£43.55,In stock
173,star-rating One,Romero and Juliet: A Tragic Tale of Love and Zombies,£36.94,In stock
174,star-rating Five,Redeeming Love,£20.47,In stock
175,star-rating One,Poses for Artists Volume 1 - Dynamic and Sitting Poses: An Essential Reference for Figure Drawing and the Human Form,£41.06,In stock
176,star-rating Four,Poems That Make Grown Women Cry,£14.19,In stock
177,star-rating One,"Nightingale, Sing",£38.28,In stock
178,star-rating One,Night Sky with Exit Wounds,£41.05,In stock
179,star-rating Five,Mrs. Houdini,£30.25,In stock
180,star-rating Five,Modern Romance,£28.26,In stock
181,star-rating One,Miss Peregrine’s Home for Peculiar Children (Miss Peregrine’s Peculiar Children #1),£10.76,In stock
182,star-rating Two,Louisa: The Extraordinary Life of Mrs. Adams,£16.85,In stock
183,star-rating Three,Little Red,£13.47,In stock
184,star-rating Five,Library of Souls (Miss Peregrine’s Peculiar Children #3),£48.56,In stock
185,star-rating Two,Large Print Heart of the Pride,£19.15,In stock
186,star-rating Four,I Had a Nice Time And Other Lies...: How to find love & sh*t like that,£57.36,In stock
187,star-rating One,Hollow City (Miss Peregrine’s Peculiar Children #2),£42.98,In stock
188,star-rating Two,Grumbles,£22.16,In stock
189,star-rating Four,Full Moon over Noah’s Ark: An Odyssey to Mount Ararat and Beyond,£49.43,In stock
190,star-rating Five,Frostbite (Vampire Academy #2),£29.99,In stock
191,star-rating One,Follow You Home,£21.36,In stock
192,star-rating One,First Steps for New Christians (Print Edition),£29.00,In stock
193,star-rating Five,Finders Keepers (Bill Hodges Trilogy #2),£53.53,In stock
194,star-rating Four,"Fables, Vol. 1: Legends in Exile (Fables #1)",£41.62,In stock
195,star-rating Four,Eureka Trivia 6.0,£54.59,In stock
196,star-rating Four,Drive: The Surprising Truth About What Motivates Us,£34.95,In stock
197,star-rating Five,Done Rubbed Out (Reightman & Bailey #1),£37.72,In stock
198,star-rating Three,Doing It Over (Most Likely To #1),£35.61,In stock
199,star-rating Three,"Deliciously Ella Every Day: Quick and Easy Recipes for Gluten-Free Snacks, Packed Lunches, and Simple Meals",£42.16,In stock
200,star-rating Five,Dark Notes,£19.19,In stock
201,star-rating Three,"Daring Greatly: How the Courage to Be Vulnerable Transforms the Way We Live, Love, Parent, and Lead",£19.43,In stock
202,star-rating Four,Close to You,£49.46,In stock
203,star-rating Two,Chasing Heaven: What Dying Taught Me About Living,£37.80,In stock
204,star-rating Three,Big Magic: Creative Living Beyond Fear,£30.80,In stock
205,star-rating Two,Becoming Wise: An Inquiry into the Mystery and Art of Living,£27.43,In stock
206,star-rating Two,Beauty Restored (Riley Family Legacy Novellas #3),£11.11,In stock
207,star-rating Two,Batman: The Long Halloween (Batman),£36.50,In stock
208,star-rating Five,Batman: The Dark Knight Returns (Batman),£15.38,In stock
209,star-rating Two,Ayumi's Violin,£15.48,In stock
210,star-rating Four,Anonymous,£46.82,In stock
211,star-rating Three,Amy Meets the Saints and Sages,£18.46,In stock
212,star-rating One,Amid the Chaos,£36.58,In stock
213,star-rating Five,Amatus,£50.54,In stock
214,star-rating Five,Agnostic: A Spirited Manifesto,£12.51,In stock
215,star-rating Three,Zealot: The Life and Times of Jesus of Nazareth,£24.70,In stock
216,star-rating Five,You (You #1),£43.61,In stock
217,star-rating Four,"Wonder Woman: Earth One, Volume One (Wonder Woman: Earth One #1)",£37.34,In stock
218,star-rating Two,Wild Swans,£14.36,In stock
219,star-rating Four,Why the Right Went Wrong: Conservatism--From Goldwater to the Tea Party and Beyond,£52.65,In stock
220,star-rating Four,Whole Lotta Creativity Going On: 60 Fun and Unusual Exercises to Awaken and Strengthen Your Creativity,£38.20,In stock
221,star-rating Two,What's It Like in Space?: Stories from Astronauts Who've Been There,£19.60,In stock
222,star-rating One,"We Are Robin, Vol. 1: The Vigilante Business (We Are Robin #1)",£53.90,In stock
223,star-rating Five,Walt Disney's Alice in Wonderland,£12.96,In stock
224,star-rating Four,V for Vendetta (V for Vendetta Complete),£37.10,In stock
225,star-rating Two,Until Friday Night (The Field Party #1),£46.31,In stock
226,star-rating Two,"Unbroken: A World War II Story of Survival, Resilience, and Redemption",£45.95,In stock
227,star-rating Two,Twenty Yawns,£22.08,In stock
228,star-rating Two,Through the Woods,£25.38,In stock
229,star-rating Two,This Is Where It Ends,£27.12,In stock
230,star-rating Two,The Year of Magical Thinking,£43.04,In stock
231,star-rating Four,The Wright Brothers,£56.80,In stock
232,star-rating Five,The White Queen (The Cousins' War #1),£25.91,In stock
233,star-rating Three,The Wedding Pact (The O'Malleys #2),£32.61,In stock
234,star-rating Five,The Time Keeper,£27.88,In stock
235,star-rating Four,The Testament of Mary,£52.67,In stock
236,star-rating Five,The Star-Touched Queen,£46.02,In stock
237,star-rating Five,The Songs of the Gods,£44.48,In stock
238,star-rating Five,The Song of Achilles,£37.40,In stock
239,star-rating One,The Rosie Project (Don Tillman #1),£54.04,In stock
240,star-rating Three,The Power of Habit: Why We Do What We Do in Life and Business,£16.88,In stock
241,star-rating Four,The Marriage of Opposites,£28.08,In stock
242,star-rating One,The Lucifer Effect: Understanding How Good People Turn Evil,£10.40,In stock
243,star-rating One,The Long Haul (Diary of a Wimpy Kid #9),£44.07,In stock
244,star-rating One,The Loney,£23.40,In stock
245,star-rating Three,The Literature Book (Big Ideas Simply Explained),£17.43,In stock
246,star-rating Two,The Last Mile (Amos Decker #2),£54.21,In stock
247,star-rating Two,The Immortal Life of Henrietta Lacks,£40.67,In stock
248,star-rating Two,The Hidden Oracle (The Trials of Apollo #1),£52.26,In stock
249,star-rating Three,The Help Yourself Cookbook for Kids: 60 Easy Plant-Based Recipes Kids Can Make to Stay Healthy and Save the Earth,£28.77,In stock
250,star-rating Two,The Guilty (Will Robie #4),£13.82,In stock
251,star-rating Three,The First Hostage (J.B. Collins #2),£25.85,In stock
252,star-rating One,The Dovekeepers,£48.78,In stock
253,star-rating Five,The Darkest Lie,£35.35,In stock
254,star-rating Four,The Bane Chronicles (The Bane Chronicles #1-11),£44.73,In stock
255,star-rating One,The Bad-Ass Librarians of Timbuktu: And Their Race to Save the World’s Most Precious Manuscripts,£15.77,In stock
256,star-rating One,The 14th Colony (Cotton Malone #11),£39.24,In stock
257,star-rating One,That Darkness (Gardiner and Renner #1),£13.92,In stock
258,star-rating One,Tastes Like Fear (DI Marnie Rome #3),£10.69,In stock
259,star-rating Three,Take Me with You,£45.21,In stock
260,star-rating One,Swell: A Year of Waves,£45.58,In stock
261,star-rating Five,Superman Vol. 1: Before Truth (Superman by Gene Luen Yang #1),£11.89,In stock
262,star-rating Three,Still Life with Bread Crumbs,£26.41,In stock
263,star-rating Five,Steve Jobs,£39.50,In stock
264,star-rating Four,Sorting the Beef from the Bull: The Science of Food Fraud Forensics,£44.74,In stock
265,star-rating Five,Someone Like You (The Harrisons #2),£52.79,In stock
266,star-rating Four,"So Cute It Hurts!!, Vol. 6 (So Cute It Hurts!! #6)",£35.43,In stock
267,star-rating Four,Shtum,£55.84,In stock
268,star-rating Three,See America: A Celebration of Our National Parks & Treasured Sites,£48.87,In stock
269,star-rating Four,salt.,£46.78,In stock
270,star-rating Three,Robin War,£47.82,In stock
271,star-rating Two,"Red Hood/Arsenal, Vol. 1: Open for Business (Red Hood/Arsenal #1)",£25.48,In stock
272,star-rating Three,Rain Fish,£23.57,In stock
273,star-rating Five,"Quarter Life Poetry: Poems for the Young, Broke and Hangry",£50.89,In stock
274,star-rating Three,Pet Sematary,£10.56,In stock
275,star-rating Three,"Overload: How to Unplug, Unwind, and Unleash Yourself from the Pressure of Stress",£52.15,In stock
276,star-rating Two,Once Was a Time,£18.28,In stock
277,star-rating Five,Old School (Diary of a Wimpy Kid #10),£11.83,In stock
278,star-rating Two,No Dream Is Too High: Life Lessons From a Man Who Walked on the Moon,£21.95,In stock
279,star-rating Two,"Naruto (3-in-1 Edition), Vol. 14: Includes Vols. 40, 41 & 42 (Naruto: Omnibus #14)",£38.39,In stock
280,star-rating One,My Name Is Lucy Barton,£41.56,In stock
281,star-rating Three,My Mrs. Brown,£24.48,In stock
282,star-rating One,My Kind of Crazy,£40.36,In stock
283,star-rating One,Mr. Mercedes (Bill Hodges Trilogy #1),£28.90,In stock
284,star-rating Two,More Than Music (Chasing the Dream #1),£37.61,In stock
285,star-rating Five,Made to Stick: Why Some Ideas Survive and Others Die,£38.85,In stock
286,star-rating Three,Luis Paints the World,£53.95,In stock
287,star-rating Three,Luckiest Girl Alive,£49.83,In stock
288,star-rating Two,Lowriders to the Center of the Earth (Lowriders in Space #2),£51.51,In stock
289,star-rating One,Love Is a Mix Tape (Music #1),£18.03,In stock
290,star-rating Five,Looking for Lovely: Collecting the Moments that Matter,£29.14,In stock
291,star-rating Four,"Living Leadership by Insight: A Good Leader Achieves, a Great Leader Builds Monuments",£46.91,In stock
292,star-rating Five,Let It Out: A Journey Through Journaling,£26.79,In stock
293,star-rating Five,Lady Midnight (The Dark Artifices #1),£16.28,In stock
294,star-rating One,"It's All Easy: Healthy, Delicious Weeknight Meals in under 30 Minutes",£19.55,In stock
295,star-rating One,Island of Dragons (Unwanteds #7),£29.65,In stock
296,star-rating Four,I Know What I'm Doing -- and Other Lies I Tell Myself: Dispatches from a Life Under Construction,£25.98,In stock
297,star-rating Four,I Am Pilgrim (Pilgrim #1),£10.60,In stock
298,star-rating Five,"Hyperbole and a Half: Unfortunate Situations, Flawed Coping Mechanisms, Mayhem, and Other Things That Happened",£14.75,In stock
299,star-rating Three,"Hush, Hush (Hush, Hush #1)",£47.02,In stock
300,star-rating One,Hold Your Breath (Search and Rescue #1),£28.82,In stock
301,star-rating Three,Hamilton: The Revolution,£58.79,In stock
302,star-rating Five,Greek Mythic History,£10.23,In stock
303,star-rating Five,God: The Most Unpleasant Character in All Fiction,£30.03,In stock
304,star-rating Three,Glory over Everything: Beyond The Kitchen House,£45.84,In stock
305,star-rating Three,Feathers: Displays of Brilliant Plumage,£49.05,In stock
306,star-rating Four,"Far & Away: Places on the Brink of Change: Seven Continents, Twenty-Five Years",£15.06,In stock
307,star-rating Three,Every Last Word,£46.47,In stock
308,star-rating Three,Eligible (The Austen Project #4),£27.09,In stock
309,star-rating Five,El Deafo,£57.62,In stock
310,star-rating Four,Eight Hundred Grapes,£14.39,In stock
311,star-rating Five,"Eaternity: More than 150 Deliciously Easy Vegan Recipes for a Long, Healthy, Satisfied, Joyful Life",£51.75,In stock
312,star-rating Two,"Eat Fat, Get Thin",£54.07,In stock
313,star-rating One,Don't Get Caught,£55.35,In stock
314,star-rating Two,Doctor Sleep (The Shining #2),£40.12,In stock
315,star-rating Five,Demigods & Magicians: Percy and Annabeth Meet the Kanes (Percy Jackson & Kane Chronicles Crossover #1-3),£37.51,In stock
316,star-rating Five,Dear Mr. Knightley,£11.21,In stock
317,star-rating One,Daily Fantasy Sports,£36.58,In stock
318,star-rating Two,Crazy Love: Overwhelmed by a Relentless God,£47.72,In stock
319,star-rating Three,Cometh the Hour (The Clifton Chronicles #6),£25.01,In stock
320,star-rating Four,Code Name Verity (Code Name Verity #1),£22.13,In stock
321,star-rating One,Clockwork Angel (The Infernal Devices #1),£44.14,In stock
322,star-rating Four,City of Glass (The Mortal Instruments #3),£56.02,In stock
323,star-rating Four,City of Fallen Angels (The Mortal Instruments #4),£11.23,In stock
324,star-rating One,City of Bones (The Mortal Instruments #1),£43.28,In stock
325,star-rating One,City of Ashes (The Mortal Instruments #2),£47.27,In stock
326,star-rating Four,Cell,£20.29,In stock
327,star-rating Three,Catching Jordan (Hundred Oaks),£50.83,In stock
328,star-rating Three,"Carry On, Warrior: Thoughts on Life Unarmed",£31.85,In stock
329,star-rating Two,Carrie,£46.23,In stock
330,star-rating Four,Buying In: The Secret Dialogue Between What We Buy and Who We Are,£37.80,In stock
331,star-rating Five,Brain on Fire: My Month of Madness,£49.32,In stock
332,star-rating Two,Batman: Europa,£32.01,In stock
333,star-rating One,Barefoot Contessa Back to Basics,£28.01,In stock
334,star-rating Five,Barefoot Contessa at Home: Everyday Recipes You'll Make Over and Over Again,£50.62,In stock
335,star-rating Three,Balloon Animals,£17.03,In stock
336,star-rating Three,Art Ops Vol. 1,£48.80,In stock
337,star-rating Four,Aristotle and Dante Discover the Secrets of the Universe (Aristotle and Dante Discover the Secrets of the Universe #1),£58.14,In stock
338,star-rating Two,Angels Walking (Angels Walking #1),£34.20,In stock
339,star-rating Three,Angels & Demons (Robert Langdon #1),£51.48,In stock
340,star-rating Five,All the Light We Cannot See,£29.87,In stock
341,star-rating Two,"Adulthood Is a Myth: A ""Sarah's Scribbles"" Collection",£10.90,In stock
342,star-rating Five,Abstract City,£56.37,In stock
343,star-rating Five,A Time of Torment (Charlie Parker #14),£48.35,In stock
344,star-rating Two,A Study in Scarlet (Sherlock Holmes #1),£16.73,In stock
345,star-rating Two,"A Series of Catastrophes and Miracles: A True Story of Love, Science, and Cancer",£56.48,In stock
346,star-rating Two,A People's History of the United States,£40.79,In stock
347,star-rating One,A Man Called Ove,£39.72,In stock
348,star-rating Three,A Distant Mirror: The Calamitous 14th Century,£14.58,In stock
349,star-rating One,A Brush of Wings (Angels Walking #3),£55.51,In stock
350,star-rating Three,1491: New Revelations of the Americas Before Columbus,£21.80,In stock
351,star-rating Three,"The Three Searches, Meaning, and the Story",£13.33,In stock
352,star-rating One,Searching for Meaning in Gailana,£38.73,In stock
353,star-rating Four,Rook,£37.86,In stock
354,star-rating Two,My Kitchen Year: 136 Recipes That Saved My Life,£11.53,In stock
355,star-rating One,13 Hours: The Inside Account of What Really Happened In Benghazi,£27.06,In stock
356,star-rating Three,Will You Won't You Want Me?,£13.86,In stock
357,star-rating One,Tipping Point for Planet Earth: How Close Are We to the Edge?,£37.55,In stock
358,star-rating Five,The Star-Touched Queen,£32.30,In stock
359,star-rating Five,The Silent Sister (Riley MacPherson #1),£46.29,In stock
360,star-rating One,The Midnight Watch: A Novel of the Titanic and the Californian,£26.20,In stock
361,star-rating Two,The Lonely City: Adventures in the Art of Being Alone,£33.26,In stock
362,star-rating Four,The Gray Rhino: How to Recognize and Act on the Obvious Dangers We Ignore,£59.15,In stock
363,star-rating One,The Golden Condom: And Other Essays on Love Lost and Found,£39.43,In stock
364,star-rating Five,The Epidemic (The Program 0.6),£14.44,In stock
365,star-rating Two,The Dinner Party,£56.54,In stock
366,star-rating Three,The Diary of a Young Girl,£59.90,In stock
367,star-rating Three,The Children,£11.88,In stock
368,star-rating Two,Stars Above (The Lunar Chronicles #4.5),£48.05,In stock
369,star-rating Three,Snatched: How A Drug Queen Went Undercover for the DEA and Was Kidnapped By Colombian Guerillas,£21.21,In stock
370,star-rating Four,Raspberry Pi Electronics Projects for the Evil Genius,£49.67,In stock
371,star-rating One,Quench Your Own Thirst: Business Lessons Learned Over a Beer or Two,£43.14,In stock
372,star-rating Five,Psycho: Sanitarium (Psycho #1.5),£36.97,In stock
373,star-rating Three,Poisonous (Max Revere Novels #3),£26.80,In stock
374,star-rating Four,One with You (Crossfire #5),£15.71,In stock
375,star-rating Four,No Love Allowed (Dodge Cove #1),£54.65,In stock
376,star-rating Four,Murder at the 42nd Street Library (Raymond Ambler #1),£54.36,In stock
377,star-rating Three,Most Wanted,£35.28,In stock
378,star-rating Two,"Love, Lies and Spies",£20.55,In stock
379,star-rating Five,How to Speak Golf: An Illustrated Guide to Links Lingo,£58.32,In stock
380,star-rating One,Hide Away (Eve Duncan #20),£11.84,In stock
381,star-rating Four,Furiously Happy: A Funny Book About Horrible Things,£41.46,In stock
382,star-rating Five,Everyday Italian: 125 Simple and Delicious Recipes,£20.10,In stock
383,star-rating One,Equal Is Unfair: America's Misguided Fight Against Income Inequality,£56.86,In stock
384,star-rating Five,Eleanor & Park,£56.51,In stock
385,star-rating Four,Dirty (Dive Bar #1),£40.83,In stock
386,star-rating One,Can You Keep a Secret? (Fear Street Relaunch #4),£48.64,In stock
387,star-rating Three,Boar Island (Anna Pigeon #19),£59.48,In stock
388,star-rating Four,A Paris Apartment,£39.01,In stock
389,star-rating One,"A la Mode: 120 Recipes in 60 Pairings: Pies, Tarts, Cakes, Crisps, and More Topped with Ice Cream, Gelato, Frozen Custard, and More",£38.77,In stock
390,star-rating Two,Troublemaker: Surviving Hollywood and Scientology,£48.39,In stock
391,star-rating Two,The Widow,£27.26,In stock
392,star-rating Four,"The Sleep Revolution: Transforming Your Life, One Night at a Time",£11.68,In stock
393,star-rating One,The Improbability of Love,£59.45,In stock
394,star-rating Three,The Art of Startup Fundraising,£21.00,In stock
395,star-rating Three,Take Me Home Tonight (Rock Star Romance #3),£53.98,In stock
396,star-rating One,Sleeping Giants (Themis Files #1),£48.74,In stock
397,star-rating Two,"Setting the World on Fire: The Brief, Astonishing Life of St. Catherine of Siena",£21.15,In stock
398,star-rating Three,Playing with Fire,£13.71,In stock
399,star-rating Three,Off the Hook (Fishing for Trouble #1),£47.67,In stock
400,star-rating Two,Mothering Sunday,£13.34,In stock
401,star-rating Five,"Mother, Can You Not?",£16.89,In stock
402,star-rating One,M Train,£27.18,In stock
403,star-rating Two,Lilac Girls,£17.28,In stock
404,star-rating One,Lies and Other Acts of Love,£45.14,In stock
405,star-rating One,Lab Girl,£40.85,In stock
406,star-rating Four,Keep Me Posted,£20.46,In stock
407,star-rating Three,It Didn't Start with You: How Inherited Family Trauma Shapes Who We Are and How to End the Cycle,£56.27,In stock
408,star-rating Four,Grey (Fifty Shades #4),£48.49,In stock
409,star-rating Four,"Exit, Pursued by a Bear",£51.34,In stock
410,star-rating Three,Daredevils,£16.34,In stock
411,star-rating Three,Cravings: Recipes for What You Want to Eat,£20.50,In stock
412,star-rating Five,Born for This: How to Find the Work You Were Meant to Do,£21.59,In stock
413,star-rating Four,Arena,£21.36,In stock
414,star-rating Five,Adultery,£20.88,In stock
415,star-rating Three,A Mother's Reckoning: Living in the Aftermath of Tragedy,£19.53,In stock
416,star-rating Five,A Gentleman's Position (Society of Gentlemen #3),£14.75,In stock
417,star-rating Three,11/22/63,£48.48,In stock
418,star-rating Two,"10% Happier: How I Tamed the Voice in My Head, Reduced Stress Without Losing My Edge, and Found Self-Help That Actually Works",£24.57,In stock
419,star-rating Five,10-Day Green Smoothie Cleanse: Lose Up to 15 Pounds in 10 Days!,£49.71,In stock
420,star-rating Five,Without Shame,£48.27,In stock
421,star-rating Four,Watchmen,£58.05,In stock
422,star-rating Four,Unlimited Intuition Now,£58.87,In stock
423,star-rating Two,Underlying Notes,£11.82,In stock
424,star-rating One,The Shack,£28.03,In stock
425,star-rating Five,The New Brand You: Your New Image Makes the Sale for You,£44.05,In stock
426,star-rating Four,"The Moosewood Cookbook: Recipes from Moosewood Restaurant, Ithaca, New York",£12.34,In stock
427,star-rating Two,The Flowers Lied,£16.68,In stock
428,star-rating One,"The Fabric of the Cosmos: Space, Time, and the Texture of Reality",£55.91,In stock
429,star-rating Three,The Book of Mormon,£24.57,In stock
430,star-rating Five,The Art and Science of Low Carbohydrate Living,£52.98,In stock
431,star-rating One,The Alien Club,£54.40,In stock
432,star-rating Five,Suzie Snowflake: One beautiful flake (a self-esteem story),£54.81,In stock
433,star-rating One,Nap-a-Roo,£25.08,In stock
434,star-rating Four,"NaNo What Now? Finding your editing process, revising your NaNoWriMo book and building a writing career through publishing and beyond",£10.41,In stock
435,star-rating Two,Modern Day Fables,£47.44,In stock
436,star-rating One,If I Gave You God's Phone Number....: Searching for Spirituality in America,£20.91,In stock
437,star-rating Four,"Fruits Basket, Vol. 9 (Fruits Basket #9)",£33.95,In stock
438,star-rating Three,Dress Your Family in Corduroy and Denim,£43.68,In stock
439,star-rating One,Don't Forget Steven,£33.23,In stock
440,star-rating Two,Chernobyl 01:23:40: The Incredible True Story of the World's Worst Nuclear Disaster,£35.92,In stock
441,star-rating Four,Art and Fear: Observations on the Perils (and Rewards) of Artmaking,£48.63,In stock
442,star-rating Three,A Shard of Ice (The Black Symphony Saga #1),£56.63,In stock
443,star-rating Three,A Hero's Curse (The Unseen Chronicles #1),£50.49,In stock
444,star-rating Two,23 Degrees South: A Tropical Tale of Changing Whether...,£35.79,In stock
445,star-rating Three,"Zero to One: Notes on Startups, or How to Build the Future",£34.06,In stock
446,star-rating One,Why Not Me?,£17.76,In stock
447,star-rating Two,When Breath Becomes Air,£39.36,In stock
448,star-rating Two,Vagabonding: An Uncommon Guide to the Art of Long-Term World Travel,£36.94,In stock
449,star-rating Five,The Unlikely Pilgrimage of Harold Fry (Harold Fry #1),£43.62,In stock
450,star-rating Three,The New Drawing on the Right Side of the Brain,£43.02,In stock
451,star-rating Four,"The Midnight Assassin: Panic, Scandal, and the Hunt for America's First Serial Killer",£28.45,In stock
452,star-rating Two,The Martian (The Martian #1),£41.39,In stock
453,star-rating One,The High Mountains of Portugal,£51.15,In stock
454,star-rating One,The Grownup,£35.88,In stock
455,star-rating One,The E-Myth Revisited: Why Most Small Businesses Don't Work and What to Do About It,£36.91,In stock
456,star-rating One,South of Sunshine,£28.93,In stock
457,star-rating Five,Smarter Faster Better: The Secrets of Being Productive in Life and Business,£38.89,In stock
458,star-rating Three,Silence in the Dark (Logan Point #4),£58.33,In stock
459,star-rating Five,Shadows of the Past (Logan Point #1),£39.67,In stock
460,star-rating Five,Roller Girl,£14.10,In stock
461,star-rating Three,Rising Strong,£21.82,In stock
462,star-rating One,Proofs of God: Classical Arguments from Tertullian to Barth,£54.21,In stock
463,star-rating Four,Please Kill Me: The Uncensored Oral History of Punk,£31.19,In stock
464,star-rating Five,Out of Print: City Lights Spotlight No. 14,£53.64,In stock
465,star-rating Five,My Life Next Door (My Life Next Door ),£36.39,In stock
466,star-rating Two,Miller's Valley,£58.54,In stock
467,star-rating Three,Man's Search for Meaning,£29.48,In stock
468,star-rating Two,"Love That Boy: What Two Presidents, Eight Road Trips, and My Son Taught Me About a Parent's Expectations",£25.06,In stock
469,star-rating Three,Living Forward: A Proven Plan to Stop Drifting and Get the Life You Want,£12.55,In stock
470,star-rating Five,Les Fleurs du Mal,£29.04,In stock
471,star-rating Two,Left Behind (Left Behind #1),£40.72,In stock
472,star-rating Five,Kill 'Em and Leave: Searching for James Brown and the American Soul,£45.05,In stock
473,star-rating One,Kierkegaard: A Christian Missionary to Christians,£47.13,In stock
474,star-rating Four,John Vassos: Industrial Design for Modern Life,£20.22,In stock
475,star-rating One,I'll Give You the Sun,£56.48,In stock
476,star-rating One,I Will Find You,£44.21,In stock
477,star-rating Four,Hystopia: A Novel,£21.96,In stock
478,star-rating Two,Howl and Other Poems,£40.45,In stock
479,star-rating Four,History of Beauty,£10.29,In stock
480,star-rating Two,Heaven is for Real: A Little Boy's Astounding Story of His Trip to Heaven and Back,£52.86,In stock
481,star-rating Five,Future Shock (Future Shock #1),£55.65,In stock
482,star-rating One,Ender's Game (The Ender Quintet #1),£43.64,In stock
483,star-rating One,Diary of a Citizen Scientist: Chasing Tiger Beetles and Other New Ways of Engaging the World,£28.41,In stock
484,star-rating Four,Death by Leisure: A Cautionary Tale,£37.51,In stock
485,star-rating Three,Brilliant Beacons: A History of the American Lighthouse,£11.45,In stock
486,star-rating Two,Brazen: The Courage to Find the You That's Been Hiding,£19.22,In stock
487,star-rating Four,Between the World and Me,£56.91,In stock
488,star-rating Four,Being Mortal: Medicine and What Matters in the End,£55.06,In stock
489,star-rating Three,"A Murder Over a Girl: Justice, Gender, Junior High",£13.20,In stock
490,star-rating Two,32 Yolks,£53.63,In stock
491,star-rating Five,"""Most Blessed of the Patriarchs"": Thomas Jefferson and the Empire of the Imagination",£44.48,In stock
492,star-rating Three,You Are a Badass: How to Stop Doubting Your Greatness and Start Living an Awesome Life,£12.08,In stock
493,star-rating Two,Wildlife of New York: A Five-Borough Coloring Book,£22.14,In stock
494,star-rating Five,What Happened on Beale Street (Secrets of the South Mysteries #2),£25.37,In stock
495,star-rating Two,Unreasonable Hope: Finding Faith in the God Who Brings Purpose to Your Pain,£46.33,In stock
496,star-rating Three,Under the Tuscan Sun,£37.33,In stock
497,star-rating One,Toddlers Are A**holes: It's Not Your Fault,£25.55,In stock
498,star-rating One,The Year of Living Biblically: One Man's Humble Quest to Follow the Bible as Literally as Possible,£34.72,In stock
499,star-rating Four,The Whale,£35.96,In stock
500,star-rating Four,The Story of Art,£41.14,In stock
501,star-rating Four,The Origin of Species,£10.01,In stock
502,star-rating Four,The Great Gatsby,£36.05,In stock
503,star-rating Three,The Good Girl,£49.03,In stock
504,star-rating One,The Glass Castle,£16.24,In stock
505,star-rating One,The Faith of Christopher Hitchens: The Restless Soul of the World's Most Notorious Atheist,£39.55,In stock
506,star-rating Three,The Drowning Girls,£35.67,In stock
507,star-rating Three,The Constant Princess (The Tudor Court #1),£16.62,In stock
508,star-rating Four,The Bourne Identity (Jason Bourne #1),£42.78,In stock
509,star-rating Five,The Bachelor Girl's Guide to Murder (Herringford and Watts Mysteries #1),£52.30,In stock
510,star-rating Two,The Art Book,£32.34,In stock
511,star-rating Four,The 7 Habits of Highly Effective People: Powerful Lessons in Personal Change,£33.17,In stock
512,star-rating Five,Team of Rivals: The Political Genius of Abraham Lincoln,£20.12,In stock
513,star-rating Two,Steal Like an Artist: 10 Things Nobody Told You About Being Creative,£20.90,In stock
514,star-rating Three,"Sit, Stay, Love",£20.90,In stock
515,star-rating Four,Sister Dear,£40.20,In stock
516,star-rating Three,"Shrunken Treasures: Literary Classics, Short, Sweet, and Silly",£52.87,In stock
517,star-rating One,"Rich Dad, Poor Dad",£51.74,In stock
518,star-rating Two,Raymie Nightingale,£34.41,In stock
519,star-rating One,Playing from the Heart,£32.38,In stock
520,star-rating Four,Nightstruck: A Novel,£50.35,In stock
521,star-rating Five,"Naturally Lean: 125 Nourishing Gluten-Free, Plant-Based Recipes--All Under 300 Calories",£11.38,In stock
522,star-rating Three,Meternity,£43.58,In stock
523,star-rating Three,Memoirs of a Geisha,£49.67,In stock
524,star-rating Two,Like Never Before (Walker Family #2),£28.77,In stock
525,star-rating Four,Life of Pi,£13.22,In stock
526,star-rating Five,Leave This Song Behind: Teen Poetry at Its Best,£51.17,In stock
527,star-rating Five,King's Folly (The Kinsman Chronicles #1),£39.61,In stock
528,star-rating Four,John Adams,£57.43,In stock
529,star-rating Four,How to Cook Everything Vegetarian: Simple Meatless Recipes for Great Food (How to Cook Everything),£46.01,In stock
530,star-rating Two,How to Be a Domestic Goddess: Baking and the Art of Comfort Cooking,£28.25,In stock
531,star-rating Five,Good in Bed (Cannie Shapiro #1),£37.05,In stock
532,star-rating One,"Fruits Basket, Vol. 7 (Fruits Basket #7)",£19.57,In stock
533,star-rating Three,For the Love: Fighting for Grace in a World of Impossible Standards,£45.13,In stock
534,star-rating Two,Finding God in the Ruins: How God Redeems Pain,£46.64,In stock
535,star-rating Five,Every Heart a Doorway (Every Heart A Doorway #1),£12.16,In stock
536,star-rating Four,Delivering the Truth (Quaker Midwife Mystery #1),£20.89,In stock
537,star-rating Five,Counted With the Stars (Out from Egypt #1),£17.97,In stock
538,star-rating Two,"Chronicles, Vol. 1",£52.60,In stock
539,star-rating One,Blue Like Jazz: Nonreligious Thoughts on Christian Spirituality,£25.77,In stock
540,star-rating Three,Benjamin Franklin: An American Life,£48.19,In stock
541,star-rating Five,"At The Existentialist Café: Freedom, Being, and apricot cocktails with: Jean-Paul Sartre, Simone de Beauvoir, Albert Camus, Martin Heidegger, Edmund Husserl, Karl Jaspers, Maurice Merleau-Ponty and others",£29.93,In stock
542,star-rating Two,A Summer In Europe,£44.34,In stock
543,star-rating Five,A Short History of Nearly Everything,£52.40,In stock
544,star-rating Four,A Gathering of Shadows (Shades of Magic #2),£44.81,In stock
545,star-rating Five,The Sound Of Love,£57.84,In stock
546,star-rating Two,The Rise and Fall of the Third Reich: A History of Nazi Germany,£39.67,In stock
547,star-rating Three,The Perks of Being a Wallflower,£55.02,In stock
548,star-rating Four,The Mysterious Affair at Styles (Hercule Poirot #1),£24.80,In stock
549,star-rating Four,The Man Who Mistook His Wife for a Hat and Other Clinical Tales,£59.45,In stock
550,star-rating Two,The Makings of a Fatherless Child,£31.58,In stock
551,star-rating Four,The Joy of Cooking,£43.27,In stock
552,star-rating One,The Invention of Wings,£37.34,In stock
553,star-rating Five,The Hobbit (Middle-Earth Universe),£17.80,In stock
554,star-rating One,The Great Railway Bazaar,£30.54,In stock
555,star-rating One,The Golden Compass (His Dark Materials #1),£18.77,In stock
556,star-rating Three,The God Delusion,£46.85,In stock
557,star-rating One,The Girl You Left Behind (The Girl You Left Behind #1),£15.79,In stock
558,star-rating Two,The Fellowship of the Ring (The Lord of the Rings #1),£10.27,In stock
559,star-rating Five,The Collected Poems of W.B. Yeats (The Collected Works of W.B. Yeats #1),£15.42,In stock
560,star-rating Five,The Barefoot Contessa Cookbook,£59.92,In stock
561,star-rating Two,Tell the Wolves I'm Home,£50.96,In stock
562,star-rating Three,Ship Leaves Harbor: Essays on Travel by a Recovering Journeyman,£30.60,In stock
563,star-rating Four,Pride and Prejudice,£19.27,In stock
564,star-rating One,Musicophilia: Tales of Music and the Brain,£46.58,In stock
565,star-rating Three,Mere Christianity,£48.51,In stock
566,star-rating One,Me Before You (Me Before You #1),£19.02,In stock
567,star-rating Two,In the Woods (Dublin Murder Squad #1),£38.38,In stock
568,star-rating Four,In Cold Blood,£49.98,In stock
569,star-rating Five,How to Stop Worrying and Start Living,£46.49,In stock
570,star-rating Two,Give It Back,£18.32,In stock
571,star-rating Three,"Girl, Interrupted",£42.14,In stock
572,star-rating Four,Fun Home: A Family Tragicomic,£56.59,In stock
573,star-rating Four,"Fruits Basket, Vol. 6 (Fruits Basket #6)",£20.96,In stock
574,star-rating Four,Deception Point,£40.32,In stock
575,star-rating Three,"Death Note, Vol. 6: Give-and-Take (Death Note #6)",£36.39,In stock
576,star-rating Four,Catherine the Great: Portrait of a Woman,£58.55,In stock
577,star-rating Three,Better Homes and Gardens New Cook Book,£39.61,In stock
578,star-rating Three,An Unquiet Mind: A Memoir of Moods and Madness,£21.30,In stock
579,star-rating Four,A Year in Provence (Provence #1),£56.88,In stock
580,star-rating Four,World Without End (The Pillars of the Earth #2),£32.97,In stock
581,star-rating Four,"Will Grayson, Will Grayson (Will Grayson, Will Grayson)",£47.31,In stock
582,star-rating Two,Why Save the Bankers?: And Other Essays on Our Economic and Political Crisis,£48.67,In stock
583,star-rating Four,Where She Went (If I Stay #2),£41.73,In stock
584,star-rating Four,What If?: Serious Scientific Answers to Absurd Hypothetical Questions,£53.68,In stock
585,star-rating One,Two Summers,£14.64,In stock
586,star-rating One,This Is Your Brain on Music: The Science of a Human Obsession,£38.40,In stock
587,star-rating Four,The Secret Garden,£15.08,In stock
588,star-rating Two,The Raven King (The Raven Cycle #4),£30.57,In stock
589,star-rating Four,The Raven Boys (The Raven Cycle #1),£57.74,In stock
590,star-rating Five,The Power Greens Cookbook: 140 Delicious Superfood Recipes,£11.05,In stock
591,star-rating One,The Metamorphosis,£28.58,In stock
592,star-rating Five,The Mathews Men: Seven Brothers and the War Against Hitler's U-boats,£42.91,In stock
593,star-rating Three,The Little Paris Bookshop,£24.73,In stock
594,star-rating Four,The Hiding Place,£55.91,In stock
595,star-rating Three,The Grand Design,£13.76,In stock
596,star-rating Three,The Firm,£45.56,In stock
597,star-rating One,The Fault in Our Stars,£47.22,In stock
598,star-rating Five,The False Prince (The Ascendance Trilogy #1),£56.00,In stock
599,star-rating Two,The Expatriates,£44.58,In stock
600,star-rating One,The Dream Thieves (The Raven Cycle #2),£34.50,In stock
601,star-rating Five,The Darkest Corners,£11.33,In stock
602,star-rating Four,The Crossover,£38.77,In stock
603,star-rating Two,The 5th Wave (The 5th Wave #1),£11.83,In stock
604,star-rating Three,Tell the Wind and Fire,£45.51,In stock
605,star-rating One,Tell Me Three Things,£41.81,In stock
606,star-rating Four,Talking to Girls About Duran Duran: One Young Man's Quest for True Love and a Cooler Haircut,£25.15,In stock
607,star-rating Five,Siddhartha,£34.22,In stock
608,star-rating Five,Shiver (The Wolves of Mercy Falls #1),£16.23,In stock
609,star-rating Three,Remember Me?,£11.48,In stock
610,star-rating Three,Red Dragon (Hannibal Lecter #1),£23.37,In stock
611,star-rating Two,Peak: Secrets from the New Science of Expertise,£16.28,In stock
612,star-rating Four,My Mother Was Nuts,£31.63,In stock
613,star-rating Five,Mexican Today: New and Rediscovered Recipes for Contemporary Kitchens,£24.91,In stock
614,star-rating One,Maybe Something Beautiful: How Art Transformed a Neighborhood,£22.54,In stock
615,star-rating Four,Lola and the Boy Next Door (Anna and the French Kiss #2),£23.63,In stock
616,star-rating Two,Logan Kade (Fallen Crest High #5.5),£13.12,In stock
617,star-rating Three,Last One Home (New Beginnings #1),£59.98,In stock
618,star-rating Four,Killing Floor (Jack Reacher #1),£31.49,In stock
619,star-rating Five,Kill the Boy Band,£15.52,In stock
620,star-rating Five,Isla and the Happily Ever After (Anna and the French Kiss #3),£48.13,In stock
621,star-rating Five,If I Stay (If I Stay #1),£38.13,In stock
622,star-rating Two,I Know Why the Caged Bird Sings (Maya Angelou's Autobiography #1),£36.55,In stock
623,star-rating One,Harry Potter and the Deathly Hallows (Harry Potter #7),£23.32,In stock
624,star-rating One,"Fruits Basket, Vol. 5 (Fruits Basket #5)",£16.33,In stock
625,star-rating One,Foundation (Foundation (Publication Order) #1),£32.42,In stock
626,star-rating One,Fool Me Once,£16.96,In stock
627,star-rating One,Find Her (Detective D.D. Warren #8),£22.37,In stock
628,star-rating One,Evicted: Poverty and Profit in the American City,£42.27,In stock
629,star-rating Two,Drama,£38.70,In stock
630,star-rating Five,Dracula the Un-Dead,£35.63,In stock
631,star-rating Five,Digital Fortress,£58.00,In stock
632,star-rating One,"Death Note, Vol. 5: Whiteout (Death Note #5)",£52.41,In stock
633,star-rating Three,"Data, A Love Story: How I Gamed Online Dating to Meet My Match",£32.35,In stock
634,star-rating One,Critique of Pure Reason,£20.75,In stock
635,star-rating Five,Booked,£17.49,In stock
636,star-rating Five,"Blue Lily, Lily Blue (The Raven Cycle #3)",£34.13,In stock
637,star-rating Five,Approval Junkie: Adventures in Caring Too Much,£58.81,In stock
638,star-rating Five,An Abundance of Katherines,£10.00,In stock
639,star-rating Two,America's War for the Greater Middle East: A Military History,£51.22,In stock
640,star-rating Four,Alight (The Generations Trilogy #2),£58.59,In stock
641,star-rating One,A Girl's Guide to Moving On (New Beginnings #2),£31.30,In stock
642,star-rating Two,A Game of Thrones (A Song of Ice and Fire #1),£46.42,In stock
643,star-rating Four,A Feast for Crows (A Song of Ice and Fire #4),£17.21,In stock
644,star-rating Three,A Clash of Kings (A Song of Ice and Fire #2),£10.79,In stock
645,star-rating Four,Vogue Colors A to Z: A Fashion Coloring Book,£52.35,In stock
646,star-rating Three,The Shining (The Shining #1),£27.88,In stock
647,star-rating Two,The Pilgrim's Progress,£50.26,In stock
648,star-rating Three,The Perfect Play (Play by Play #1),£59.99,In stock
649,star-rating Five,The Passion of Dolssa,£28.32,In stock
650,star-rating Three,The Jazz of Physics: The Secret Link Between Music and the Structure of the Universe,£38.71,In stock
651,star-rating Five,The Hunger Games (The Hunger Games #1),£29.85,In stock
652,star-rating Two,The Hound of the Baskervilles (Sherlock Holmes #5),£14.82,In stock
653,star-rating Four,The Gunning of America: Business and the Making of American Gun Culture,£16.81,In stock
654,star-rating Two,The Geography of Bliss: One Grump's Search for the Happiest Places in the World,£28.23,In stock
655,star-rating Two,The Demonists (Demonist #1),£52.11,In stock
656,star-rating Two,"The Demon Prince of Momochi House, Vol. 4 (The Demon Prince of Momochi House #4)",£27.88,In stock
657,star-rating Three,The Bone Hunters (Lexy Vaughan & Steven Macaulay #2),£59.71,In stock
658,star-rating Five,The Beast (Black Dagger Brotherhood #14),£46.08,In stock
659,star-rating Five,Some Women,£13.73,In stock
660,star-rating Five,Shopaholic Ties the Knot (Shopaholic #3),£48.39,In stock
661,star-rating Five,Paper and Fire (The Great Library #2),£49.45,In stock
662,star-rating Five,Outlander (Outlander #1),£19.67,In stock
663,star-rating Three,"Orchestra of Exiles: The Story of Bronislaw Huberman, the Israel Philharmonic, and the One Thousand Jews He Saved from Nazi Horrors",£12.36,In stock
664,star-rating Five,No One Here Gets Out Alive,£20.02,In stock
665,star-rating Four,Night Shift (Night Shift #1-20),£12.75,In stock
666,star-rating Four,Needful Things,£47.51,In stock
667,star-rating Four,Mockingjay (The Hunger Games #3),£20.44,In stock
668,star-rating Two,Misery,£34.79,In stock
669,star-rating Four,Little Women (Little Women #1),£28.07,In stock
670,star-rating Three,It,£25.01,In stock
671,star-rating Three,Harry Potter and the Sorcerer's Stone (Harry Potter #1),£13.90,In stock
672,star-rating Four,Harry Potter and the Prisoner of Azkaban (Harry Potter #3),£24.17,In stock
673,star-rating Four,Harry Potter and the Order of the Phoenix (Harry Potter #5),£31.63,In stock
674,star-rating Five,Harry Potter and the Half-Blood Prince (Harry Potter #6),£48.75,In stock
675,star-rating One,Harry Potter and the Chamber of Secrets (Harry Potter #2),£14.74,In stock
676,star-rating Three,Gone with the Wind,£32.49,In stock
677,star-rating One,God Is Not Great: How Religion Poisons Everything,£27.80,In stock
678,star-rating One,Girl With a Pearl Earring,£26.77,In stock
679,star-rating Four,"Fruits Basket, Vol. 4 (Fruits Basket #4)",£50.44,In stock
680,star-rating Two,Far From True (Promise Falls Trilogy #2),£34.93,In stock
681,star-rating One,Dark Lover (Black Dagger Brotherhood #1),£12.87,In stock
682,star-rating Two,Confessions of a Shopaholic (Shopaholic #1),£48.94,In stock
683,star-rating Three,Changing the Game (Play by Play #2),£13.38,In stock
684,star-rating Three,Candide,£58.63,In stock
685,star-rating One,Can You Keep a Secret?,£21.94,In stock
686,star-rating Five,Atlas Shrugged,£26.58,In stock
687,star-rating Three,Animal Farm,£57.22,In stock
688,star-rating One,A Walk to Remember,£56.43,In stock
689,star-rating Five,A New Earth: Awakening to Your Life's Purpose,£55.65,In stock
690,star-rating One,"A History of God: The 4,000-Year Quest of Judaism, Christianity, and Islam",£27.62,In stock
691,star-rating Four,'Salem's Lot,£49.56,In stock
692,star-rating One,Zero History (Blue Ant #3),£34.77,In stock
693,star-rating Three,Wuthering Heights,£17.73,In stock
694,star-rating One,World War Z: An Oral History of the Zombie War,£21.80,In stock
695,star-rating Three,Wild: From Lost to Found on the Pacific Crest Trail,£46.02,In stock
696,star-rating One,"Where'd You Go, Bernadette",£18.13,In stock
697,star-rating Five,When You Are Engulfed in Flames,£30.89,In stock
698,star-rating Three,We the People: The Modern-Day Figures Who Have Reshaped and Affirmed the Founding Fathers' Vision of America,£31.95,In stock
699,star-rating One,We Are All Completely Beside Ourselves,£24.04,In stock
700,star-rating Three,Walk the Edge (Thunder Road #2),£32.36,In stock
701,star-rating Five,Voyager (Outlander #3),£21.07,In stock
702,star-rating Three,Very Good Lives: The Fringe Benefits of Failure and the Importance of Imagination,£50.66,In stock
703,star-rating Two,Vegan Vegetarian Omnivore: Dinner for Everyone at the Table,£13.66,In stock
704,star-rating One,"Unstuffed: Decluttering Your Home, Mind, and Soul",£58.09,In stock
705,star-rating One,Under the Banner of Heaven: A Story of Violent Faith,£30.00,In stock
706,star-rating Two,Two Boys Kissing,£32.74,In stock
707,star-rating Two,Twilight (Twilight #1),£41.93,In stock
708,star-rating Two,Twenties Girl,£42.80,In stock
709,star-rating One,"Trespassing Across America: One Man's Epic, Never-Done-Before (and Sort of Illegal) Hike Across the Heartland",£53.51,In stock
710,star-rating Three,Three-Martini Lunch,£23.21,In stock
711,star-rating One,"Thinking, Fast and Slow",£21.14,In stock
712,star-rating Three,The Wild Robot,£56.07,In stock
713,star-rating Three,"The Wicked + The Divine, Vol. 3: Commercial Suicide (The Wicked + The Divine)",£14.41,In stock
714,star-rating Four,The Undomestic Goddess,£45.75,In stock
715,star-rating One,The Travelers,£15.77,In stock
716,star-rating Two,The Tipping Point: How Little Things Can Make a Big Difference,£10.02,In stock
717,star-rating One,The Thing About Jellyfish,£48.77,In stock
718,star-rating Two,The Stand,£57.86,In stock
719,star-rating One,The Smitten Kitchen Cookbook,£23.59,In stock
720,star-rating Five,The Silkworm (Cormoran Strike #2),£23.05,In stock
721,star-rating Five,"The Sandman, Vol. 3: Dream Country (The Sandman (volumes) #3)",£55.55,In stock
722,star-rating Four,The Rose & the Dagger (The Wrath and the Dawn #2),£58.64,In stock
723,star-rating One,The Road to Little Dribbling: Adventures of an American in Britain (Notes From a Small Island #2),£23.21,In stock
724,star-rating Three,The Rise of Theodore Roosevelt (Theodore Roosevelt #1),£42.57,In stock
725,star-rating One,The Restaurant at the End of the Universe (Hitchhiker's Guide to the Galaxy #2),£10.92,In stock
726,star-rating One,The Rest Is Noise: Listening to the Twentieth Century,£34.77,In stock
727,star-rating Five,The Red Tent,£35.66,In stock
728,star-rating Three,The Purpose Driven Life: What on Earth Am I Here for?,£37.19,In stock
729,star-rating One,The Purest Hook (Second Circle Tattoos #3),£12.25,In stock
730,star-rating Two,The Picture of Dorian Gray,£29.70,In stock
731,star-rating Three,The Paris Wife,£36.80,In stock
732,star-rating One,The Obsession,£45.43,In stock
733,star-rating Four,The Nightingale,£26.26,In stock
734,star-rating Three,The New Guy (and Other Senior Year Distractions),£44.92,In stock
735,star-rating Five,The Nanny Diaries (Nanny #1),£52.53,In stock
736,star-rating Two,The Name of God is Mercy,£37.25,In stock
737,star-rating One,The Maze Runner (The Maze Runner #1),£20.93,In stock
738,star-rating Two,The Lover's Dictionary,£58.09,In stock
739,star-rating Five,The Lonely Ones,£43.59,In stock
740,star-rating Three,The Lean Startup: How Today's Entrepreneurs Use Continuous Innovation to Create Radically Successful Businesses,£33.92,In stock
741,star-rating Two,The Last Painting of Sara de Vos,£55.55,In stock
742,star-rating Four,"The Land of 10,000 Madonnas",£29.64,In stock
743,star-rating One,The Infinities,£27.41,In stock
744,star-rating Five,The Husband's Secret,£52.51,In stock
745,star-rating Three,The Hitchhiker's Guide to the Galaxy (Hitchhiker's Guide to the Galaxy #1),£47.80,In stock
746,star-rating Two,The Guns of August,£14.54,In stock
747,star-rating One,The Guernsey Literary and Potato Peel Pie Society,£49.53,In stock
748,star-rating Three,The Goldfinch,£43.58,In stock
749,star-rating One,The Giver (The Giver Quartet #1),£12.30,In stock
750,star-rating Three,The Girl with All the Gifts,£49.47,In stock
751,star-rating Two,The Girl Who Played with Fire (Millennium Trilogy #2),£22.14,In stock
752,star-rating One,The Girl Who Kicked the Hornet's Nest (Millennium Trilogy #3),£57.48,In stock
753,star-rating Three,The Exiled,£43.45,In stock
754,star-rating Four,"The End of Faith: Religion, Terror, and the Future of Reason",£22.13,In stock
755,star-rating Four,"The Elegant Universe: Superstrings, Hidden Dimensions, and the Quest for the Ultimate Theory",£13.03,In stock
756,star-rating Five,"The Disappearing Spoon: And Other True Tales of Madness, Love, and the History of the World from the Periodic Table of the Elements",£57.35,In stock
757,star-rating One,The Devil Wears Prada (The Devil Wears Prada #1),£44.29,In stock
758,star-rating Four,The Demon-Haunted World: Science as a Candle in the Dark,£52.25,In stock
759,star-rating Five,The Day the Crayons Came Home (Crayons),£26.33,In stock
760,star-rating Two,The Da Vinci Code (Robert Langdon #2),£22.96,In stock
761,star-rating One,The Cuckoo's Calling (Cormoran Strike #1),£19.21,In stock
762,star-rating Four,The Complete Stories and Poems (The Works of Edgar Allan Poe [Cameo Edition]),£26.78,In stock
763,star-rating Five,The Complete Poems,£41.32,In stock
764,star-rating One,The Catcher in the Rye,£24.55,In stock
765,star-rating Two,The Cat in the Hat (Beginner Books B-1),£16.26,In stock
766,star-rating One,The Case for Christ (Cases for Christianity),£47.84,In stock
767,star-rating Two,The Book Thief,£53.49,In stock
768,star-rating Five,The Book of Basketball: The NBA According to The Sports Guy,£44.84,In stock
769,star-rating Five,The Blind Side: Evolution of a Game,£53.71,In stock
770,star-rating Two,The Autobiography of Malcolm X,£23.43,In stock
771,star-rating Three,"The Art of Simple Food: Notes, Lessons, and Recipes from a Delicious Revolution",£34.32,In stock
772,star-rating One,The Art of Fielding,£22.10,In stock
773,star-rating Two,"Surely You're Joking, Mr. Feynman!: Adventures of a Curious Character",£25.83,In stock
774,star-rating Three,Stiff: The Curious Lives of Human Cadavers,£36.74,In stock
775,star-rating One,Spilled Milk: Based on a True Story,£49.51,In stock
776,star-rating Five,Something Borrowed (Darcy & Rachel #1),£48.96,In stock
777,star-rating One,Something Blue (Darcy & Rachel #2),£54.62,In stock
778,star-rating Two,Soldier (Talon #3),£24.72,In stock
779,star-rating Two,Shopaholic & Baby (Shopaholic #5),£46.45,In stock
780,star-rating Two,Seven Days in the Art World,£52.33,In stock
781,star-rating Four,Seven Brief Lessons on Physics,£30.60,In stock
782,star-rating Four,Scarlet (The Lunar Chronicles #2),£14.57,In stock
783,star-rating One,Sarah's Key,£46.29,In stock
784,star-rating Five,"Saga, Volume 3 (Saga (Collected Editions) #3)",£21.57,In stock
785,star-rating Four,Running with Scissors,£12.91,In stock
786,star-rating Three,Rogue Lawyer (Rogue Lawyer #1),£50.11,In stock
787,star-rating Four,"Rise of the Rocket Girls: The Women Who Propelled Us, from Missiles to the Moon to Mars",£41.67,In stock
788,star-rating Two,Rework,£44.88,In stock
789,star-rating Three,Reservations for Two,£11.10,In stock
790,star-rating Three,Red: The True Story of Red Riding Hood,£28.54,In stock
791,star-rating Four,Ready Player One,£19.07,In stock
792,star-rating One,Quiet: The Power of Introverts in a World That Can't Stop Talking,£43.55,In stock
793,star-rating Three,Prodigy: The Graphic Novel (Legend: The Graphic Novel #2),£43.63,In stock
794,star-rating One,Persepolis: The Story of a Childhood (Persepolis #1-2),£39.13,In stock
795,star-rating Two,Packing for Mars: The Curious Science of Life in the Void,£56.68,In stock
796,star-rating One,Outliers: The Story of Success,£14.16,In stock
797,star-rating Three,Original Fake,£31.45,In stock
798,star-rating Two,Orange Is the New Black,£24.61,In stock
799,star-rating Two,One for the Money (Stephanie Plum #1),£32.87,In stock
800,star-rating One,Notes from a Small Island (Notes From a Small Island #1),£40.17,In stock
801,star-rating One,Night (The Night Trilogy #1),£13.51,In stock
802,star-rating Three,Neither Here nor There: Travels in Europe,£38.95,In stock
803,star-rating Three,Naked,£31.69,In stock
804,star-rating One,Morning Star (Red Rising #3),£29.40,In stock
805,star-rating One,"Miracles from Heaven: A Little Girl, Her Journey to Heaven, and Her Amazing Story of Healing",£57.83,In stock
806,star-rating Two,Midnight Riot (Peter Grant/ Rivers of London - books #1),£55.46,In stock
807,star-rating Two,Me Talk Pretty One Day,£57.60,In stock
808,star-rating Two,Manuscript Found in Accra,£34.98,In stock
809,star-rating Two,Lust & Wonder,£11.87,In stock
810,star-rating Three,Lila (Gilead #3),£12.47,In stock
811,star-rating Two,"Life, the Universe and Everything (Hitchhiker's Guide to the Galaxy #3)",£33.26,In stock
812,star-rating Five,Life Without a Recipe,£59.04,In stock
813,star-rating Two,Life After Life,£26.13,In stock
814,star-rating One,Letter to a Christian Nation,£22.20,In stock
815,star-rating One,Let's Pretend This Never Happened: A Mostly True Memoir,£45.11,In stock
816,star-rating Four,Legend (Legend #1),£43.69,In stock
817,star-rating One,"Lean In: Women, Work, and the Will to Lead",£25.02,In stock
818,star-rating Five,"Lamb: The Gospel According to Biff, Christ's Childhood Pal",£55.50,In stock
819,star-rating Five,Lady Renegades (Rebel Belle #3),£53.04,In stock
820,star-rating One,Jurassic Park (Jurassic Park #1),£44.97,In stock
821,star-rating One,It's Never Too Late to Begin Again: Discovering Creativity and Meaning at Midlife and Beyond,£42.38,In stock
822,star-rating Three,Is Everyone Hanging Out Without Me? (And Other Concerns),£20.11,In stock
823,star-rating Five,Into the Wild,£56.70,In stock
824,star-rating Five,Inferno (Robert Langdon #4),£41.00,In stock
825,star-rating Three,"In the Garden of Beasts: Love, Terror, and an American Family in Hitler's Berlin",£28.85,In stock
826,star-rating Four,If I Run (If I Run #1),£49.97,In stock
827,star-rating One,I've Got Your Number,£19.69,In stock
828,star-rating Two,I Am Malala: The Girl Who Stood Up for Education and Was Shot by the Taliban,£28.88,In stock
829,star-rating Three,Hungry Girl Clean & Hungry: Easy All-Natural Recipes for Healthy Eating in the Real World,£33.14,In stock
830,star-rating Two,"House of Lost Worlds: Dinosaurs, Dynasties, and the Story of Life on Earth",£43.70,In stock
831,star-rating One,House of Leaves,£54.89,In stock
832,star-rating Two,Horrible Bear!,£37.52,In stock
833,star-rating Two,Holidays on Ice,£51.07,In stock
834,star-rating Four,Heir to the Sky,£44.07,In stock
835,star-rating Four,Green Eggs and Ham (Beginner Books B-16),£10.79,In stock
836,star-rating One,"Grayson, Vol 3: Nemesis (Grayson #3)",£42.72,In stock
837,star-rating Five,Gratitude,£26.66,In stock
838,star-rating Five,Gone Girl,£37.60,In stock
839,star-rating Four,Golden (Heart of Dread #3),£42.21,In stock
840,star-rating Two,Girl in the Blue Coat,£46.83,In stock
841,star-rating Two,"Fruits Basket, Vol. 3 (Fruits Basket #3)",£45.17,In stock
842,star-rating Three,"Friday Night Lights: A Town, a Team, and a Dream",£51.22,In stock
843,star-rating Four,Fire Bound (Sea Haven/Sisters of the Heart #5),£21.28,In stock
844,star-rating Five,Fifty Shades Freed (Fifty Shades #3),£15.36,In stock
845,star-rating One,Fellside,£38.62,In stock
846,star-rating Three,Extreme Prey (Lucas Davenport #26),£25.40,In stock
847,star-rating Three,Eragon (The Inheritance Cycle #1),£43.87,In stock
848,star-rating One,Eclipse (Twilight #3),£18.74,In stock
849,star-rating One,Dune (Dune #1),£54.86,In stock
850,star-rating Three,Dracula,£52.62,In stock
851,star-rating One,Do Androids Dream of Electric Sheep? (Blade Runner #1),£51.48,In stock
852,star-rating Five,Disrupted: My Misadventure in the Start-Up Bubble,£15.28,In stock
853,star-rating Five,Dead Wake: The Last Crossing of the Lusitania,£39.24,In stock
854,star-rating One,"David and Goliath: Underdogs, Misfits, and the Art of Battling Giants",£17.81,In stock
855,star-rating One,Darkfever (Fever #1),£56.02,In stock
856,star-rating Five,Dark Places,£23.90,In stock
857,star-rating Five,Crazy Rich Asians (Crazy Rich Asians #1),£49.13,In stock
858,star-rating One,Counting Thyme,£10.62,In stock
859,star-rating Two,Cosmos,£36.17,In stock
860,star-rating Two,Civilization and Its Discontents,£59.95,In stock
861,star-rating One,Cinder (The Lunar Chronicles #1),£26.09,In stock
862,star-rating Two,Catastrophic Happiness: Finding Joy in Childhood's Messy Years,£37.35,In stock
863,star-rating Two,Career of Evil (Cormoran Strike #3),£24.72,In stock
864,star-rating Five,Breaking Dawn (Twilight #4),£35.28,In stock
865,star-rating Five,Brave Enough,£51.32,In stock
866,star-rating Three,Boy Meets Boy,£21.12,In stock
867,star-rating Two,"Born to Run: A Hidden Tribe, Superathletes, and the Greatest Race the World Has Never Seen",£27.35,In stock
868,star-rating Five,Blink: The Power of Thinking Without Thinking,£21.74,In stock
869,star-rating One,Black Flags: The Rise of ISIS,£40.87,In stock
870,star-rating One,"Black Butler, Vol. 1 (Black Butler #1)",£49.31,In stock
871,star-rating One,Big Little Lies,£22.11,In stock
872,star-rating Five,Between Shades of Gray,£20.79,In stock
873,star-rating Two,Best of My Love (Fool's Gold #20),£27.41,In stock
874,star-rating Two,Beowulf,£38.35,In stock
875,star-rating Five,Beautiful Creatures (Caster Chronicles #1),£21.55,In stock
876,star-rating Two,Awkward,£38.02,In stock
877,star-rating Four,Ash,£22.06,In stock
878,star-rating Three,Are We There Yet?,£10.66,In stock
879,star-rating One,Are We Smart Enough to Know How Smart Animals Are?,£56.58,In stock
880,star-rating Five,Annie on My Mind,£36.83,In stock
881,star-rating Two,And Then There Were None,£35.01,In stock
882,star-rating Four,A Walk in the Woods: Rediscovering America on the Appalachian Trail,£30.48,In stock
883,star-rating Five,A Visit from the Goon Squad,£14.08,In stock
884,star-rating Two,A Storm of Swords (A Song of Ice and Fire #3),£31.22,In stock
885,star-rating Five,A Heartbreaking Work of Staggering Genius,£54.29,In stock
886,star-rating One,8 Keys to Mental Health Through Exercise,£31.04,In stock
887,star-rating One,#GIRLBOSS,£50.96,In stock
888,star-rating Two,"The Suffragettes (Little Black Classics, #96)",£11.89,In stock
889,star-rating Three,The Sense of an Ending,£31.38,In stock
890,star-rating One,"The Sandman, Vol. 2: The Doll's House (The Sandman (volumes) #2)",£54.81,In stock
891,star-rating Three,The Course of Love,£16.78,In stock
892,star-rating One,Sugar Rush (Offensive Line #2),£24.42,In stock
893,star-rating Three,"Saga, Volume 2 (Saga (Collected Editions) #2)",£11.75,In stock
894,star-rating One,"Run, Spot, Run: The Ethics of Keeping Pets",£20.02,In stock
895,star-rating Four,New Moon (Twilight #2),£12.86,In stock
896,star-rating Five,Life,£31.58,In stock
897,star-rating Three,Kindle Paperwhite User's Guide,£34.00,In stock
898,star-rating Five,H is for Hawk,£57.42,In stock
899,star-rating One,Girl Online On Tour (Girl Online #2),£53.47,In stock
900,star-rating Five,"Fruits Basket, Vol. 2 (Fruits Basket #2)",£11.64,In stock
901,star-rating Four,Diary of a Minecraft Zombie Book 1: A Scare of a Dare (An Unofficial Minecraft Book),£52.88,In stock
902,star-rating Four,"Y: The Last Man, Vol. 1: Unmanned (Y: The Last Man #1)",£18.51,In stock
903,star-rating Five,While You Were Mine,£41.32,In stock
904,star-rating Three,Where Lightning Strikes (Bleeding Stars #3),£39.77,In stock
905,star-rating Three,When I'm Gone,£51.96,In stock
906,star-rating Five,Ways of Seeing,£39.51,In stock
907,star-rating One,"Vampire Knight, Vol. 1 (Vampire Knight #1)",£15.40,In stock
908,star-rating Two,Vampire Girl (Vampire Girl #1),£53.82,In stock
909,star-rating Four,Twenty Love Poems and a Song of Despair,£30.95,In stock
910,star-rating Five,Travels with Charley: In Search of America,£57.82,In stock
911,star-rating Two,Three Wishes (River of Time: California #1),£44.18,In stock
912,star-rating One,This One Moment (Pushing Limits #1),£48.71,In stock
913,star-rating Five,The Zombie Room,£19.69,In stock
914,star-rating Two,"The Wicked + The Divine, Vol. 1: The Faust Act (The Wicked + The Divine)",£36.52,In stock
915,star-rating Five,The Tumor,£41.56,In stock
916,star-rating Four,The Story of Hong Gildong,£43.19,In stock
917,star-rating Five,The Silent Wife,£12.34,In stock
918,star-rating Three,The Silent Twin (Detective Jennifer Knight #3),£36.25,In stock
919,star-rating One,The Selfish Gene,£29.45,In stock
920,star-rating Three,The Secret Healer,£34.56,In stock
921,star-rating Three,"The Sandman, Vol. 1: Preludes and Nocturnes (The Sandman (volumes) #1)",£54.12,In stock
922,star-rating Three,The Republic,£33.78,In stock
923,star-rating Three,The Odyssey,£29.64,In stock
924,star-rating Four,The No. 1 Ladies' Detective Agency (No. 1 Ladies' Detective Agency #1),£57.70,In stock
925,star-rating One,The Nicomachean Ethics,£36.34,In stock
926,star-rating Three,The Name of the Wind (The Kingkiller Chronicle #1),£50.59,In stock
927,star-rating One,The Mirror & the Maze (The Wrath and the Dawn #1.5),£29.38,In stock
928,star-rating Two,The Little Prince,£45.42,In stock
929,star-rating One,The Light of the Fireflies,£54.43,In stock
930,star-rating Two,The Last Girl (The Dominion Trilogy #1),£36.26,In stock
931,star-rating One,The Iliad,£16.16,In stock
932,star-rating Five,The Hook Up (Game On #1),£36.29,In stock
933,star-rating Five,The Haters,£27.89,In stock
934,star-rating Five,The Girl You Lost,£12.29,In stock
935,star-rating Three,The Girl In The Ice (DCI Erika Foster #1),£15.85,In stock
936,star-rating One,The End of the Jesus Era (An Investigation #1),£14.40,In stock
937,star-rating Four,The Edge of Reason (Bridget Jones #2),£19.18,In stock
938,star-rating Three,The Complete Maus (Maus #1-2),£10.64,In stock
939,star-rating Three,The Communist Manifesto,£14.76,In stock
940,star-rating Three,The Bhagavad Gita,£57.49,In stock
941,star-rating Three,The Bette Davis Club,£30.66,In stock
942,star-rating Four,The Art of Not Breathing,£40.83,In stock
943,star-rating Two,Taking Shots (Assassins #1),£18.88,In stock
944,star-rating Three,Starlark,£25.83,In stock
945,star-rating Three,"Skip Beat!, Vol. 01 (Skip Beat! #1)",£42.12,In stock
946,star-rating Three,Sister Sable (The Mad Queen #1),£13.33,In stock
947,star-rating One,Shatter Me (Shatter Me #1),£42.40,In stock
948,star-rating Three,Shameless,£58.35,In stock
949,star-rating Four,Shadow Rites (Jane Yellowrock #10),£21.72,In stock
950,star-rating Two,Settling the Score (The Summer Games #1),£44.91,In stock
951,star-rating One,Sense and Sensibility,£37.46,In stock
952,star-rating One,"Saga, Volume 1 (Saga (Collected Editions) #1)",£28.48,In stock
953,star-rating Two,"Rhythm, Chord & Malykhin",£28.34,In stock
954,star-rating Five,"Rat Queens, Vol. 1: Sass & Sorcery (Rat Queens (Collected Editions) #1-5)",£46.96,In stock
955,star-rating One,Paradise Lost (Paradise #1),£24.96,In stock
956,star-rating Four,"Paper Girls, Vol. 1 (Paper Girls #1-5)",£21.71,In stock
957,star-rating Three,"Ouran High School Host Club, Vol. 1 (Ouran High School Host Club #1)",£29.87,In stock
958,star-rating One,Origins (Alphas 0.5),£28.99,In stock
959,star-rating Two,One Second (Seven #7),£52.94,In stock
960,star-rating Three,On the Road (Duluoz Legend),£32.36,In stock
961,star-rating Two,Old Records Never Die: One Man's Quest for His Vinyl and His Past,£55.66,In stock
962,star-rating Five,Off Sides (Off #1),£39.45,In stock
963,star-rating Two,Of Mice and Men,£47.11,In stock
964,star-rating Four,Myriad (Prentor #1),£58.75,In stock
965,star-rating Two,My Perfect Mistake (Over the Top #1),£38.92,In stock
966,star-rating Four,"Ms. Marvel, Vol. 1: No Normal (Ms. Marvel (2014-2015) #1)",£39.39,In stock
967,star-rating Two,Meditations,£25.89,In stock
968,star-rating One,Matilda,£28.34,In stock
969,star-rating Four,Lost Among the Living,£27.70,In stock
970,star-rating Three,Lord of the Flies,£24.89,In stock
971,star-rating Three,Listen to Me (Fusion #1),£58.99,In stock
972,star-rating Five,Kitchens of the Great Midwest,£57.20,In stock
973,star-rating Five,Jane Eyre,£38.43,In stock
974,star-rating Four,Imperfect Harmony,£34.74,In stock
975,star-rating Four,Icing (Aces Hockey #2),£40.44,In stock
976,star-rating Three,"Hawkeye, Vol. 1: My Life as a Weapon (Hawkeye #1)",£45.24,In stock
977,star-rating Four,Having the Barbarian's Baby (Ice Planet Barbarians #7.5),£34.96,In stock
978,star-rating Four,"Giant Days, Vol. 1 (Giant Days #1-4)",£56.76,In stock
979,star-rating Five,"Fruits Basket, Vol. 1 (Fruits Basket #1)",£40.28,In stock
980,star-rating Two,Frankenstein,£38.00,In stock
981,star-rating Three,Forever Rockers (The Rocker #12),£28.80,In stock
982,star-rating Three,Fighting Fate (Fighting #6),£39.24,In stock
983,star-rating Two,Emma,£32.93,In stock
984,star-rating Three,"Eat, Pray, Love",£51.32,In stock
985,star-rating Five,Deep Under (Walker Security #1),£47.09,In stock
986,star-rating Four,Choosing Our Religion: The Spiritual Lives of America's Nones,£28.42,In stock
987,star-rating Three,Charlie and the Chocolate Factory (Charlie Bucket #1),£22.85,In stock
988,star-rating One,Charity's Cross (Charles Towne Belles #4),£41.24,In stock
989,star-rating Five,Bright Lines,£39.07,In stock
990,star-rating One,Bridget Jones's Diary (Bridget Jones #1),£29.82,In stock
991,star-rating Four,Bounty (Colorado Mountain #7),£37.26,In stock
992,star-rating Three,Blood Defense (Samantha Brinkman #1),£20.30,In stock
993,star-rating Five,"Bleach, Vol. 1: Strawberry and the Soul Reapers (Bleach #1)",£34.65,In stock
994,star-rating One,Beyond Good and Evil,£43.38,In stock
995,star-rating One,Alice in Wonderland (Alice's Adventures in Wonderland #1),£55.53,In stock
996,star-rating Four,"Ajin: Demi-Human, Volume 1 (Ajin: Demi-Human #1)",£57.06,In stock
997,star-rating Five,A Spy's Devotion (The Regency Spies of London #1),£16.97,In stock
998,star-rating One,1st to Die (Women's Murder Club #1),£53.98,In stock
999,star-rating Five,"1,000 Places to See Before You Die",£26.08,In stock
